Country/Region,Continent,Population,TotalCases,NewCases,TotalDeaths,NewDeaths,TotalRecovered,NewRecovered,ActiveCases,"Serious,Critical",Tot Cases/1M pop,Deaths/1M pop,TotalTests,Tests/1M pop,WHO Region
USA,North America,331198130.0,5032179,0.0,162804.0,0.0,2576668.0,0.0,2292707.0,18296.0,15193.862960518527,491.56074643295847,63139605.0,190639.98036462342,Americas
Brazil,South America,212710692.0,2917562,0.0,98644.0,0.0,2047660.0,0.0,771258.0,8318.0,13716.104125127853,463.7472572370739,13206188.0,62085.210084314895,Americas
India,Asia,1381344997.0,2025409,0.0,41638.0,0.0,1377384.0,0.0,606387.0,8944.0,1466.2586134519443,30.143085246936323,22149351.0,16034.626431560457,South-EastAsia
Russia,Europe,145940924.0,871894,0.0,14606.0,0.0,676357.0,0.0,180931.0,2300.0,5974.294091765514,100.08159191865882,29716907.0,203622.85084614102,Europe
South Africa,Africa,59381566.0,538184,0.0,9604.0,0.0,387316.0,0.0,141264.0,539.0,9063.149328193871,161.7336935843019,3149807.0,53043.51522154199,Africa
Mexico,North America,129066160.0,462690,6590.0,50517.0,819.0,308848.0,4140.0,103325.0,3987.0,3584.9056019021564,391.4039125360203,1056915.0,8188.939687986379,Americas
Peru,South America,33016319.0,455409,0.0,20424.0,0.0,310337.0,0.0,124648.0,1426.0,13793.451656436928,618.6031822626865,2493429.0,75521.1082131839,Americas
Chile,South America,19132514.0,366671,0.0,9889.0,0.0,340168.0,0.0,16614.0,1358.0,19164.81022828469,516.8688234071069,1760615.0,92022.14617483097,Americas
Colombia,South America,50936262.0,357710,0.0,11939.0,0.0,192355.0,0.0,153416.0,1493.0,7022.698289089215,234.3909727808452,1801835.0,35374.30760034963,Americas
Spain,Europe,46756648.0,354530,0.0,28500.0,0.0,0.0,0.0,0.0,617.0,7582.451162880623,609.5389900490728,7064329.0,151087.15663278513,Europe
Iran,Asia,84097623.0,320117,0.0,17976.0,0.0,277463.0,0.0,24678.0,4156.0,3806.492842253104,213.75158249121975,2612763.0,31068.21461529299,EasternMediterranean
UK,Europe,67922029.0,308134,0.0,46413.0,0.0,0.0,0.0,0.0,73.0,4536.584147096078,683.3276432304459,17515234.0,257872.65571822066,Europe
Saudi Arabia,Asia,34865919.0,284226,0.0,3055.0,0.0,247089.0,0.0,34082.0,1915.0,8151.972130721694,87.62138178546219,3635705.0,104276.75805705853,EasternMediterranean
Pakistan,Asia,221295851.0,281863,0.0,6035.0,0.0,256058.0,0.0,19770.0,809.0,1273.693106880707,27.271184582669832,2058872.0,9303.708093469859,EasternMediterranean
Bangladesh,Asia,164851401.0,249651,0.0,3306.0,0.0,143824.0,0.0,102521.0,0.0,1514.4002324857402,20.05442465120451,1225124.0,7431.686916631057,South-EastAsia
Italy,Europe,60452568.0,249204,0.0,35187.0,0.0,201323.0,0.0,12694.0,42.0,4122.306268279621,582.0596405433099,7099713.0,117442.70317846547,Europe
Turkey,Asia,84428331.0,237265,0.0,5798.0,0.0,220546.0,0.0,10921.0,580.0,2810.2533496723986,68.67363041915397,5081802.0,60190.71962940971,Europe
Argentina,South America,45236884.0,228195,0.0,4251.0,0.0,99852.0,0.0,124092.0,1150.0,5044.445590018976,93.97198975950687,794544.0,17564.074483998498,Americas
Germany,Europe,83811260.0,215210,0.0,9252.0,0.0,196200.0,0.0,9758.0,236.0,2567.79339673452,110.39089497043715,8586648.0,102452.20033680438,Europe
France,Europe,65288306.0,195633,0.0,30312.0,0.0,82460.0,0.0,82861.0,384.0,2996.4477865301023,464.2791620294146,3992206.0,61147.33624732123,Europe
Iraq,Asia,40306025.0,140603,0.0,5161.0,0.0,101025.0,0.0,34417.0,517.0,3488.3866617956,128.04537286919262,1092741.0,27111.108078754976,EasternMediterranean
Philippines,Asia,109722719.0,119460,0.0,2150.0,0.0,66837.0,0.0,50473.0,239.0,1088.7444376948042,19.59484799132621,1669996.0,15220.147798196653,WesternPacific
Indonesia,Asia,273808365.0,118753,0.0,5521.0,0.0,75645.0,0.0,37587.0,0.0,433.70844422521566,20.163737510356924,1633156.0,5964.5949823337205,South-EastAsia
Canada,North America,37775022.0,118561,0.0,8966.0,0.0,103106.0,0.0,6489.0,2263.0,3138.60836401366,237.35260829232607,4319172.0,114339.36424974153,Americas
Qatar,Asia,2807805.0,112092,0.0,178.0,0.0,108831.0,0.0,3083.0,77.0,39921.57575045276,63.39471580113291,511000.0,181992.6953616793,EasternMediterranean
Kazakhstan,Asia,18798667.0,95942,0.0,1058.0,0.0,68871.0,0.0,26013.0,221.0,5103.659743533943,56.2805862777398,2163713.0,115099.2780498745,Europe
Egypt,Africa,102516525.0,95006,0.0,4951.0,0.0,48898.0,0.0,41157.0,41.0,926.738396565822,48.29465298399454,135000.0,1316.8608670650904,EasternMediterranean
Ecuador,South America,17668824.0,90537,0.0,5877.0,0.0,71318.0,0.0,13342.0,378.0,5124.110127533106,332.61976009269205,258582.0,14634.929862904288,Americas
Bolivia,South America,11688459.0,86423,1282.0,3465.0,80.0,27373.0,936.0,55585.0,71.0,7393.874590311691,296.446263788922,183583.0,15706.347603221264,Americas
Sweden,Europe,10105596.0,81967,0.0,5766.0,0.0,0.0,0.0,0.0,38.0,8111.0505506058225,570.5749566873641,863315.0,85429.39971081368,Europe
Oman,Asia,5118446.0,80713,0.0,492.0,0.0,70910.0,0.0,9311.0,177.0,15769.043963734304,96.12292480960042,309212.0,60411.304524849926,EasternMediterranean
Israel,Asia,9197590.0,79559,0.0,576.0,0.0,53427.0,0.0,25556.0,358.0,8649.983310845557,62.62510070572835,1872453.0,203580.829325943,Europe
Ukraine,Europe,43705858.0,76808,0.0,1819.0,0.0,42524.0,0.0,32465.0,158.0,1757.3845592963762,41.61913489949105,1116641.0,25549.000776966786,Europe
Dominican Republic,North America,10858648.0,76536,0.0,1246.0,0.0,40539.0,0.0,34751.0,317.0,7048.39129143886,114.74725030224758,281926.0,25963.269092063765,Americas
Panama,North America,4321282.0,71418,0.0,1574.0,0.0,45658.0,0.0,24186.0,161.0,16527.03989232825,364.2437591436986,240995.0,55769.32956469863,Americas
Belgium,Europe,11594739.0,71158,0.0,9859.0,0.0,17661.0,0.0,43638.0,61.0,6137.093728457364,850.2994332170823,1767120.0,152407.05288838327,Europe
Kuwait,Asia,4276658.0,70045,0.0,469.0,0.0,61610.0,0.0,7966.0,127.0,16378.443167538764,109.66507024877836,522200.0,122104.69015759502,EasternMediterranean
Belarus,Europe,9449001.0,68503,0.0,580.0,0.0,63756.0,0.0,4167.0,0.0,7249.761112312296,61.382150345840785,1344303.0,142269.3256144221,Europe
UAE,Asia,9902079.0,61845,0.0,354.0,0.0,55739.0,0.0,5752.0,0.0,6245.6581087668565,35.75006824324468,5262658.0,531470.0074600496,EasternMediterranean
Romania,Europe,19224023.0,57895,0.0,2566.0,0.0,28992.0,0.0,26337.0,458.0,3011.5964800916017,133.47882490569222,1319369.0,68631.26412197905,Europe
Netherlands,Europe,17138756.0,56982,0.0,6153.0,0.0,0.0,0.0,0.0,37.0,3324.745389922116,359.0108873712888,1079860.0,63006.90668564277,Europe
Singapore,Asia,5854932.0,54555,0.0,27.0,0.0,48031.0,0.0,6497.0,0.0,9317.785415782795,4.611496768877931,1474372.0,251817.10052311452,WesternPacific
Guatemala,North America,17946899.0,54339,0.0,2119.0,0.0,42070.0,0.0,10150.0,5.0,3027.765409500549,118.07053686544957,172712.0,9623.50097362224,Americas
Portugal,Europe,10193593.0,52061,0.0,1743.0,0.0,37840.0,0.0,12478.0,42.0,5107.227647797984,170.98975797836937,1705474.0,167308.42598875586,Europe
Poland,Europe,37842302.0,49515,0.0,1774.0,0.0,35642.0,0.0,12099.0,72.0,1308.4563407374108,46.87875489181393,2374686.0,62752.154982537795,Europe
Nigeria,Africa,206606300.0,45244,0.0,930.0,0.0,32430.0,0.0,11884.0,7.0,218.98654590881304,4.5013148195384165,306894.0,1485.4048497069061,Africa
Honduras,North America,9919704.0,45098,0.0,1423.0,0.0,6116.0,0.0,37559.0,52.0,4546.305010714029,143.45186106359625,109292.0,11017.66746265816,Americas
Bahrain,Asia,1706669.0,42889,0.0,156.0,0.0,39945.0,0.0,2788.0,41.0,25130.23907975126,91.40612503068844,876700.0,513690.7039384907,EasternMediterranean
Japan,Asia,126435859.0,42263,0.0,1026.0,0.0,28877.0,0.0,12360.0,115.0,334.26434821785807,8.114786486324263,938739.0,7424.626268406972,WesternPacific
Armenia,Asia,2963811.0,39819,0.0,772.0,0.0,31556.0,0.0,7491.0,0.0,13435.06721582449,260.4754486706474,171600.0,57898.42874596254,Europe
Ghana,Africa,31133483.0,39642,0.0,199.0,0.0,36384.0,0.0,3059.0,7.0,1273.2915234700852,6.391832227701604,405817.0,13034.744618840108,Africa
Kyrgyzstan,Asia,6534479.0,38659,0.0,1447.0,0.0,30099.0,0.0,7113.0,24.0,5916.156437261487,221.44076061764068,267718.0,40970.060505206304,Europe
Afghanistan,Asia,39009447.0,36896,0.0,1298.0,0.0,25840.0,0.0,9758.0,31.0,945.8221748183204,33.2739912975439,90396.0,2317.284836157765,EasternMediterranean
Switzerland,Europe,8660952.0,36108,0.0,1985.0,0.0,31600.0,0.0,2523.0,23.0,4169.056704159081,229.1895856252292,822764.0,94996.94721781163,Europe
Algeria,Africa,43926079.0,33626,0.0,1273.0,0.0,23238.0,0.0,9115.0,57.0,765.5133525576002,28.980506090698423,0.0,0.0,Africa
Azerbaijan,Asia,10148243.0,33247,0.0,479.0,0.0,29275.0,0.0,3493.0,66.0,3276.1336124883883,47.20028875934485,766179.0,75498.68484623397,Europe
Morocco,Africa,36953359.0,29644,0.0,449.0,0.0,20553.0,0.0,8642.0,31.0,802.2004170175708,12.15045160035384,1383816.0,37447.637710011695,EasternMediterranean
Uzbekistan,Asia,33516027.0,28315,0.0,175.0,0.0,19291.0,0.0,8849.0,228.0,844.8197037196562,5.221382594064625,1377915.0,41112.12226914604,Europe
Serbia,Europe,8733665.0,27332,0.0,621.0,0.0,14047.0,0.0,12664.0,120.0,3129.4994712987045,71.10416989889124,723137.0,82798.80210656123,Europe
Moldova,Europe,4032983.0,26628,0.0,828.0,0.0,18676.0,0.0,7124.0,362.0,6602.556965898442,205.3070890702986,128076.0,31757.138574598506,Europe
Ireland,Europe,4943200.0,26372,0.0,1768.0,0.0,23364.0,0.0,1240.0,5.0,5335.005664346982,357.6630522738307,652917.0,132083.87279495064,Europe
Kenya,Africa,53881160.0,24411,0.0,399.0,0.0,10444.0,0.0,13568.0,44.0,453.0526068852267,7.405185782934146,335318.0,6223.288436997273,Africa
Venezuela,South America,28427499.0,22299,0.0,195.0,0.0,12146.0,0.0,9958.0,42.0,784.4165257028063,6.859555249654568,1567431.0,55137.843818058005,Americas
Nepal,Asia,29186486.0,21750,0.0,65.0,0.0,15389.0,0.0,6296.0,0.0,745.207902040691,2.2270580980526398,731977.0,25079.312391358108,South-EastAsia
Austria,Europe,9011577.0,21696,0.0,719.0,0.0,19596.0,0.0,1381.0,25.0,2407.569729471323,79.78625716675339,937275.0,104007.8778664378,Europe
Costa Rica,North America,5098730.0,21070,0.0,200.0,0.0,7038.0,0.0,13832.0,103.0,4132.401598045003,39.225454181727606,96110.0,18849.792007029202,Americas
Ethiopia,Africa,115223736.0,20900,0.0,365.0,0.0,9027.0,0.0,11508.0,185.0,181.3862379883256,3.167750089269801,468814.0,4068.7276447970753,Africa
Australia,Australia/Oceania,25528864.0,19890,0.0,255.0,0.0,10941.0,0.0,8694.0,52.0,779.1180994187599,9.988693582291795,4631419.0,181418.92251844812,WesternPacific
El Salvador,North America,6489514.0,19126,0.0,513.0,0.0,9236.0,0.0,9377.0,509.0,2947.216078122337,79.05060378943631,251271.0,38719.540477145136,Americas
Czechia,Europe,10711019.0,17731,0.0,390.0,0.0,12320.0,0.0,5021.0,17.0,1655.398053163756,36.41110150210732,728670.0,68029.94187574497,Europe
Cameroon,Africa,26606188.0,17718,0.0,391.0,0.0,15320.0,0.0,2007.0,30.0,665.9353079817372,14.695829406302023,149000.0,5600.200975803073,Africa
Ivory Coast,Africa,26437950.0,16447,0.0,103.0,0.0,12484.0,0.0,3860.0,0.0,622.0981581400979,3.895914774027487,104584.0,3955.8286478338905,Africa
S. Korea,Asia,51273732.0,14519,20.0,303.0,1.0,13543.0,42.0,673.0,18.0,283.166436958402,5.909458667841849,1613652.0,31471.319466271732,WesternPacific
Denmark,Europe,5794279.0,14306,0.0,617.0,0.0,12787.0,0.0,902.0,2.0,2468.9870819130388,106.48434429891968,1654512.0,285542.3427142532,Europe
Palestine,Asia,5112340.0,13398,0.0,92.0,0.0,6907.0,0.0,6399.0,0.0,2620.7177143930176,17.995673214222844,200280.0,39175.7981667886,EasternMediterranean
Bosnia and Herzegovina,Europe,3278650.0,13396,0.0,384.0,0.0,7042.0,0.0,5970.0,0.0,4085.8280084791,117.12137617617007,147021.0,44841.931892699744,Europe
Bulgaria,Europe,6942854.0,13014,0.0,435.0,0.0,7374.0,0.0,5205.0,47.0,1874.4452929587746,62.65434934970547,294087.0,42358.22905105019,Europe
Madagascar,Africa,27755708.0,12526,0.0,134.0,0.0,10148.0,0.0,2244.0,88.0,451.29455894261463,4.82783577345604,46301.0,1668.161374229762,Africa
Sudan,Africa,43943536.0,11780,0.0,763.0,0.0,6194.0,0.0,4823.0,0.0,268.0712812915192,17.363190800121316,401.0,9.12534667214764,EasternMediterranean
North Macedonia,Europe,2083365.0,11399,0.0,517.0,0.0,7480.0,0.0,3402.0,3.0,5471.436834160121,248.156228025334,109946.0,52773.27784617674,Europe
Senegal,Africa,16783877.0,10715,0.0,223.0,0.0,7101.0,0.0,3391.0,33.0,638.4103029353706,13.286560667717,114761.0,6837.5739407527835,Africa
Norway,Europe,5425471.0,9468,0.0,256.0,0.0,8857.0,0.0,355.0,3.0,1745.101945987731,47.18484349100751,472841.0,87152.06477004485,Europe
DRC,Africa,89802183.0,9309,0.0,215.0,0.0,8048.0,0.0,1046.0,0.0,103.66117714532619,2.394151153318845,0.0,0.0,Africa
Malaysia,Asia,32406372.0,9038,0.0,125.0,0.0,8713.0,0.0,200.0,2.0,278.89576778295327,3.8572660956925384,991333.0,30590.681363529373,WesternPacific
French Guiana,South America,299385.0,8127,0.0,47.0,0.0,7240.0,0.0,840.0,23.0,27145.648579588156,156.98849307747548,41412.0,138323.5633047748,Unknown
Gabon,Africa,2230563.0,7787,0.0,51.0,0.0,5609.0,0.0,2127.0,11.0,3491.0468791959697,22.86418271978868,85369.0,38272.40028638509,Africa
Tajikistan,Asia,9557468.0,7665,0.0,62.0,0.0,6443.0,0.0,1160.0,0.0,801.9906527544744,6.487073773095552,0.0,0.0,Europe
Guinea,Africa,13164905.0,7664,0.0,49.0,0.0,6757.0,0.0,858.0,24.0,582.1538400770837,3.7220169837913755,14407.0,1094.3489527649458,Africa
Haiti,North America,11416103.0,7544,0.0,171.0,0.0,4832.0,0.0,2541.0,0.0,660.8209473933443,14.978841729090917,18443.0,1615.525017600139,Americas
Finland,Europe,5541604.0,7532,0.0,331.0,0.0,6980.0,0.0,221.0,0.0,1359.1732646360151,59.72999875126408,389500.0,70286.50910458415,Europe
Zambia,Africa,18430129.0,7164,0.0,199.0,0.0,5786.0,0.0,1179.0,0.0,388.711332405758,10.797537011271055,90307.0,4899.965702898769,Africa
Luxembourg,Europe,626952.0,7073,0.0,119.0,0.0,5750.0,0.0,1204.0,9.0,11281.565414896197,189.8071941711646,623994.0,995281.9354591739,Europe
Mauritania,Africa,4660728.0,6444,0.0,157.0,0.0,5291.0,0.0,996.0,3.0,1382.616621266034,33.68572463357656,57387.0,12312.88330921693,Africa
Paraguay,South America,7141091.0,6375,0.0,66.0,0.0,4974.0,0.0,1335.0,23.0,892.7207341287207,9.242285247450285,135277.0,18943.46396089897,Americas
Albania,Europe,2877470.0,6016,0.0,188.0,0.0,3155.0,0.0,2673.0,23.0,2090.7255331940905,65.33517291231533,38997.0,13552.530521604049,Europe
Lebanon,Asia,6822220.0,5672,0.0,70.0,0.0,1974.0,0.0,3628.0,46.0,831.4009222804307,10.260589661429858,345268.0,50609.33244603663,EasternMediterranean
Croatia,Europe,4102577.0,5404,0.0,155.0,0.0,4688.0,0.0,561.0,7.0,1317.2208589869247,37.78113122556871,125317.0,30545.922721255443,Europe
Djibouti,Africa,989387.0,5330,0.0,59.0,0.0,5057.0,0.0,214.0,0.0,5387.174078495068,59.63288379572402,59909.0,60551.634496915765,EasternMediterranean
Greece,Europe,10417673.0,5123,0.0,210.0,0.0,1374.0,0.0,3539.0,14.0,491.7604920023886,20.158052570857237,619393.0,59455.98407629036,Europe
Libya,Africa,6880353.0,4879,0.0,107.0,0.0,652.0,0.0,4120.0,0.0,709.1205930858489,15.551527661444114,59699.0,8676.735045425721,EasternMediterranean
Equatorial Guinea,Africa,1407001.0,4821,0.0,83.0,0.0,2182.0,0.0,2556.0,0.0,3426.436797130919,58.99071855670323,44356.0,31525.208581941308,Africa
Maldives,Asia,541448.0,4680,0.0,19.0,0.0,2725.0,0.0,1936.0,12.0,8643.489310146126,35.09108907965308,85587.0,158070.58110843517,South-EastAsia
CAR,Africa,4837752.0,4620,0.0,59.0,0.0,1641.0,0.0,2920.0,2.0,954.9890114251413,12.195747115602453,29589.0,6116.270532263745,Unknown
Hungary,Europe,9657785.0,4597,0.0,600.0,0.0,3463.0,0.0,534.0,8.0,475.98905960321133,62.126046500310366,352546.0,36503.815315830696,Europe
Malawi,Africa,19174839.0,4491,0.0,137.0,0.0,2137.0,0.0,2217.0,4.0,234.2131790519858,7.144779677159219,33466.0,1745.3080049329228,Africa
Zimbabwe,Africa,14883803.0,4339,0.0,84.0,0.0,1264.0,0.0,2991.0,0.0,291.52495501317776,5.643718880181362,140421.0,9434.483915166038,Africa
Nicaragua,North America,6632263.0,3902,0.0,123.0,0.0,2913.0,0.0,866.0,0.0,588.3361380572513,18.545706043321864,0.0,0.0,Americas
Hong Kong,Asia,7503041.0,3850,0.0,46.0,0.0,2458.0,0.0,1346.0,39.0,513.1252781372247,6.130847479042164,692430.0,92286.58086767752,WesternPacific
Congo,Africa,5530506.0,3546,0.0,58.0,0.0,1589.0,0.0,1899.0,0.0,641.1709886943437,10.487286335102068,0.0,0.0,Africa
Montenegro,Europe,628074.0,3480,0.0,60.0,0.0,2178.0,0.0,1242.0,0.0,5540.748383152304,95.53014453710868,38427.0,61182.28106879126,Europe
Thailand,Asia,69817894.0,3330,0.0,58.0,0.0,3148.0,0.0,124.0,1.0,47.69550911976806,0.8307325912752396,749213.0,10730.959601846484,South-EastAsia
Somalia,Africa,15933012.0,3227,0.0,93.0,0.0,1728.0,0.0,1406.0,2.0,202.53546535959427,5.83693779933135,0.0,0.0,EasternMediterranean
Mayotte,Africa,273419.0,3042,0.0,39.0,0.0,2738.0,0.0,265.0,2.0,11125.78131000406,142.63822192312895,13000.0,47546.073974376326,Unknown
Eswatini,Africa,1161348.0,2968,0.0,55.0,0.0,1476.0,0.0,1437.0,5.0,2555.6508471190377,47.35875895941613,20784.0,17896.444476590998,Africa
Sri Lanka,Asia,21422362.0,2839,0.0,11.0,0.0,2541.0,0.0,287.0,1.0,132.52506889763137,0.5134821267608118,166737.0,7783.315397247045,South-EastAsia
Cuba,North America,11325899.0,2775,0.0,88.0,0.0,2409.0,0.0,278.0,4.0,245.01366293307046,7.769802644364036,285471.0,25205.15148510507,Americas
Cabo Verde,Africa,556581.0,2734,0.0,27.0,0.0,2010.0,0.0,697.0,0.0,4912.133184567924,48.510459394050464,61633.0,110735.0053271671,Africa
Namibia,Africa,2545264.0,2652,0.0,15.0,0.0,563.0,0.0,2074.0,24.0,1041.9351391447017,5.893298298329761,29233.0,11485.25261033826,Africa
Mali,Africa,20302901.0,2552,0.0,124.0,0.0,1954.0,0.0,474.0,0.0,125.6963229047908,6.107501583148142,25152.0,1238.8377404785651,Africa
Slovakia,Europe,5459915.0,2480,0.0,29.0,0.0,1824.0,0.0,627.0,2.0,454.21952539554184,5.311437998576901,272322.0,49876.600643050304,Europe
South Sudan,Africa,11206572.0,2450,0.0,47.0,0.0,1175.0,0.0,1228.0,0.0,218.62171590027708,4.193967611148173,12044.0,1074.7265086950763,Africa
Slovenia,Europe,2078968.0,2223,0.0,125.0,0.0,1909.0,0.0,189.0,2.0,1069.2805276464092,60.12598558515571,135702.0,65273.7319670144,Europe
Lithuania,Europe,2718121.0,2171,0.0,81.0,0.0,1656.0,0.0,434.0,6.0,798.713523055081,29.799997866172994,540784.0,198955.08698840116,Europe
Estonia,Europe,1326627.0,2124,0.0,63.0,0.0,1954.0,0.0,107.0,0.0,1601.0528958026634,47.488857078892565,122880.0,92625.88504530663,Europe
Mozambique,Africa,31333962.0,2120,0.0,15.0,0.0,795.0,0.0,1310.0,0.0,67.65821698513581,0.4787137994231307,65151.0,2079.2455164144258,Africa
Rwanda,Africa,12981546.0,2111,0.0,5.0,0.0,1258.0,0.0,848.0,0.0,162.6154542764013,0.38516213708290215,286251.0,22050.609380423564,Africa
Suriname,South America,587154.0,2096,0.0,29.0,0.0,1446.0,0.0,621.0,9.0,3569.7619363914746,49.39079015045456,2785.0,4743.218985138482,Americas
Guinea-Bissau,Africa,1972277.0,2032,0.0,27.0,0.0,944.0,0.0,1061.0,5.0,1030.2812434561677,13.689760616789629,1500.0,760.5422564883127,Africa
Benin,Africa,12151976.0,1936,0.0,38.0,0.0,1600.0,0.0,298.0,1.0,159.31565368463532,3.127063450421561,93677.0,7708.787443293173,Africa
Iceland,Europe,341465.0,1930,0.0,10.0,0.0,1825.0,0.0,95.0,0.0,5652.1166151728585,29.285578316957814,149693.0,438384.6075000366,Europe
Sierra Leone,Africa,7992169.0,1877,0.0,67.0,0.0,1427.0,0.0,383.0,0.0,234.854893583957,8.383206110881789,0.0,0.0,Africa
Yemen,Asia,29886897.0,1768,0.0,508.0,0.0,898.0,0.0,362.0,0.0,59.15635872134869,16.99741528871331,120.0,4.015137469774798,EasternMediterranean
Tunisia,Africa,11830801.0,1642,0.0,51.0,0.0,1241.0,0.0,350.0,9.0,138.79026449688402,4.310781662205289,100298.0,8477.701552075805,EasternMediterranean
New Zealand,Australia/Oceania,5002100.0,1569,0.0,22.0,0.0,1524.0,0.0,23.0,0.0,313.66825933108095,4.398152775834149,486943.0,97347.71396013674,WesternPacific
Angola,Africa,32956300.0,1483,0.0,64.0,0.0,520.0,0.0,899.0,20.0,44.998983502395596,1.9419655725915834,64747.0,1964.6319520091756,Africa
Uruguay,South America,3474956.0,1318,0.0,37.0,0.0,1079.0,0.0,202.0,2.0,379.2853780019085,10.647616833134002,126956.0,36534.56331533406,Americas
Latvia,Europe,1883936.0,1275,0.0,32.0,0.0,1070.0,0.0,173.0,0.0,676.7745825760536,16.985715013673502,207909.0,110358.84446180762,Europe
Jordan,Asia,10213138.0,1232,0.0,11.0,0.0,1171.0,0.0,50.0,3.0,120.62893892161253,1.0770440975143976,628745.0,61562.37191742635,EasternMediterranean
Liberia,Africa,5068618.0,1224,0.0,78.0,0.0,705.0,0.0,441.0,0.0,241.48594350570508,15.38881012536356,0.0,0.0,Africa
Uganda,Africa,45867852.0,1223,0.0,5.0,0.0,1102.0,0.0,116.0,0.0,26.663555119171484,0.10900881078974442,288367.0,6286.9087482012455,Africa
Cyprus,Asia,1208238.0,1208,0.0,19.0,0.0,856.0,0.0,333.0,0.0,999.8030189416324,15.725378609181305,216597.0,179266.83319014963,Europe
Georgia,Asia,3988368.0,1206,0.0,17.0,0.0,987.0,0.0,202.0,0.0,302.37931905982595,4.262395044790249,240473.0,60293.58374152034,Europe
Burkina Faso,Africa,20954852.0,1158,0.0,54.0,0.0,961.0,0.0,143.0,0.0,55.2616644584271,2.5769688089421963,0.0,0.0,Africa
Niger,Africa,24281433.0,1153,0.0,69.0,0.0,1057.0,0.0,27.0,0.0,47.48484160716544,2.841677424886744,9052.0,372.7951311605044,Africa
Togo,Africa,8296582.0,1012,0.0,22.0,0.0,697.0,0.0,293.0,2.0,121.9779422417569,2.651694396559933,45767.0,5516.36806578902,Africa
Syria,Asia,17539600.0,999,0.0,48.0,0.0,311.0,0.0,640.0,0.0,56.95682911810988,2.7366644621314054,0.0,0.0,EasternMediterranean
Jamaica,North America,2962478.0,958,30.0,12.0,0.0,745.0,0.0,201.0,0.0,323.3779288825098,4.050662992265259,41840.0,14123.311633031537,Americas
Malta,Europe,441663.0,946,0.0,9.0,0.0,670.0,0.0,267.0,0.0,2141.904574302126,20.3775276624938,136713.0,309541.4377025017,Europe
Andorra,Europe,77278.0,944,0.0,52.0,0.0,828.0,0.0,64.0,1.0,12215.637050648309,672.8952612645255,3750.0,48526.100571960975,Europe
Chad,Africa,16467965.0,942,0.0,76.0,0.0,838.0,0.0,28.0,0.0,57.20196757765759,4.615020738749445,0.0,0.0,Africa
Gambia,Africa,2422754.0,935,0.0,16.0,0.0,136.0,0.0,783.0,0.0,385.9244479629381,6.604054724499474,5183.0,2139.3009773175486,Africa
Sao Tome and Principe,Africa,219544.0,878,0.0,15.0,0.0,797.0,0.0,66.0,0.0,3999.198338374085,68.3234340268921,3079.0,14024.523557920053,Africa
Botswana,Africa,2356075.0,804,0.0,2.0,0.0,63.0,0.0,739.0,1.0,341.24550364483304,0.8488694120518235,68423.0,29041.09589041096,Africa
Bahamas,North America,393616.0,761,0.0,14.0,0.0,91.0,0.0,656.0,1.0,1933.3563676273322,35.56765985122556,4814.0,12230.193894557131,Americas
Vietnam,Asia,97425470.0,747,0.0,10.0,0.0,392.0,0.0,345.0,0.0,7.667399500356529,0.10264256359245688,482456.0,4952.052066056238,WesternPacific
Lesotho,Africa,2143943.0,742,0.0,23.0,0.0,175.0,0.0,544.0,0.0,346.09129067330616,10.72789715025073,8771.0,4091.0602567325714,Africa
Diamond Princess,Unknown,0.0,712,0.0,13.0,0.0,651.0,0.0,48.0,4.0,0.0,0.0,0.0,0.0,Unknown
San Marino,Europe,33938.0,699,0.0,42.0,0.0,657.0,0.0,0.0,0.0,20596.381637102953,1237.5508279804349,6068.0,178796.62914726854,Europe
Réunion,Africa,895952.0,671,0.0,5.0,0.0,592.0,0.0,74.0,3.0,748.924049502652,5.5806561065771385,35419.0,39532.25172777113,Unknown
Channel Islands,Europe,174022.0,597,0.0,47.0,0.0,533.0,0.0,17.0,0.0,3430.6007286435047,270.0807943823195,30721.0,176535.15072806887,Unknown
Guyana,South America,786936.0,538,0.0,22.0,0.0,189.0,0.0,327.0,2.0,683.6642369900475,27.956530137139488,5165.0,6563.43082537843,Americas
Tanzania,Africa,59886383.0,509,0.0,21.0,0.0,183.0,0.0,305.0,7.0,8.499427991835807,0.3506640232388054,0.0,0.0,Africa
Taiwan,Asia,23821199.0,477,0.0,7.0,0.0,443.0,0.0,27.0,0.0,20.024180982661704,0.293855905405937,82737.0,3473.250863653001,WesternPacific
Comoros,Africa,871326.0,396,0.0,7.0,0.0,340.0,0.0,49.0,0.0,454.47972400685853,8.033732495070732,0.0,0.0,Africa
Burundi,Africa,11922216.0,395,0.0,1.0,0.0,304.0,0.0,90.0,0.0,33.13142456066892,0.08387702420422512,15614.0,1309.655855924771,Africa
Myanmar,Asia,54446389.0,357,0.0,6.0,0.0,308.0,0.0,43.0,0.0,6.556908668451823,0.11020014568826594,122290.0,2246.0626360363403,South-EastAsia
Mauritius,Africa,1271985.0,344,0.0,10.0,0.0,334.0,0.0,0.0,0.0,270.4434407638455,7.861727929181555,205285.0,161389.48179420354,Africa
Isle of Man,Europe,85078.0,336,0.0,24.0,0.0,312.0,0.0,0.0,0.0,3949.317097251934,282.0940783751381,8627.0,101401.06725592985,Unknown
Mongolia,Asia,3283344.0,293,0.0,0.0,0.0,260.0,0.0,33.0,1.0,89.2382887690111,0.0,38334.0,11675.292019355877,WesternPacific
Eritrea,Africa,3551175.0,282,0.0,0.0,0.0,225.0,0.0,57.0,0.0,79.41033601554415,0.0,0.0,0.0,Africa
Guadeloupe,North America,400131.0,279,0.0,14.0,0.0,179.0,0.0,86.0,0.0,697.2716435367417,34.98854125273973,18476.0,46174.877727544226,Unknown
Martinique,North America,375235.0,276,0.0,15.0,0.0,98.0,0.0,163.0,1.0,735.5390621876958,39.974949031939985,12227.0,32584.913454235342,Unknown
Faeroe Islands,Europe,48882.0,266,0.0,0.0,0.0,192.0,0.0,74.0,1.0,5441.675872509308,0.0,43045.0,880589.9922261772,Unknown
Aruba,North America,106812.0,263,0.0,3.0,0.0,114.0,0.0,146.0,0.0,2462.2701569112082,28.08673182788451,14047.0,131511.44066209788,Unknown
Cambodia,Asia,16741375.0,243,0.0,0.0,0.0,210.0,0.0,33.0,1.0,14.514936795812769,0.0,67807.0,4050.264688533648,WesternPacific
Trinidad and Tobago,North America,1399950.0,210,0.0,8.0,0.0,135.0,0.0,67.0,0.0,150.0053573341905,5.7144898032072575,9559.0,6828.101003607272,Americas
Cayman Islands,North America,65798.0,203,0.0,1.0,0.0,202.0,0.0,0.0,0.0,3085.200158059515,15.198030335268548,31108.0,472780.327669534,Unknown
Gibraltar,Europe,33690.0,190,0.0,0.0,0.0,184.0,0.0,6.0,0.0,5639.655684179282,0.0,23063.0,684565.1528643515,Unknown
Papua New Guinea,Australia/Oceania,8963009.0,163,0.0,3.0,0.0,53.0,0.0,107.0,0.0,18.18585700404853,0.3347090246143901,10808.0,1205.845046010776,WesternPacific
Sint Maarten,North America,42924.0,160,0.0,16.0,0.0,64.0,0.0,80.0,3.0,3727.5184046221225,372.75184046221233,1115.0,25976.14388221042,Unknown
Bermuda,North America,62254.0,157,0.0,9.0,0.0,144.0,0.0,4.0,0.0,2521.9263019243745,144.56902367719346,26352.0,423298.10132682236,Americas
Brunei ,Asia,437893.0,141,0.0,3.0,0.0,138.0,0.0,0.0,0.0,321.99646945715045,6.850988711854266,41148.0,93968.16117179312,Unknown
Barbados,North America,287411.0,133,0.0,7.0,0.0,100.0,0.0,26.0,0.0,462.75194755941834,24.35536566102202,12233.0,42562.74116161177,Americas
Turks and Caicos,North America,38768.0,129,0.0,2.0,0.0,39.0,0.0,88.0,3.0,3327.486586875774,51.58893933140735,1252.0,32294.676021461,Unknown
Seychelles,Africa,98408.0,126,0.0,0.0,0.0,124.0,0.0,2.0,0.0,1280.3837086415738,0.0,0.0,0.0,Africa
Monaco,Europe,39270.0,125,0.0,4.0,0.0,105.0,0.0,16.0,2.0,3183.091418385536,101.85892538833716,38209.0,972981.9200407435,Europe
Bhutan,Asia,772443.0,105,0.0,0.0,0.0,93.0,0.0,12.0,0.0,135.93236005763532,0.0,54589.0,70670.58669701194,South-EastAsia
Antigua and Barbuda,North America,98010.0,92,0.0,3.0,0.0,76.0,0.0,13.0,1.0,938.6797265585144,30.60912151821243,1500.0,15304.560759106214,Americas
Liechtenstein,Europe,38139.0,89,0.0,1.0,0.0,85.0,0.0,3.0,0.0,2333.56931225255,26.21987991295,900.0,23597.891921655,Europe
Belize,North America,398312.0,86,0.0,2.0,0.0,31.0,0.0,53.0,2.0,215.9111450320352,5.021189419349655,3679.0,9236.47793689369,Americas
French Polynesia,Australia/Oceania,281072.0,64,0.0,0.0,0.0,62.0,0.0,2.0,0.0,227.6996641429954,0.0,5849.0,20809.61461831844,Unknown
St. Vincent Grenadines,North America,110976.0,56,0.0,0.0,0.0,46.0,0.0,10.0,0.0,504.6136101499423,0.0,2447.0,22049.812572087656,Unknown
Saint Martin,North America,38729.0,53,0.0,3.0,0.0,41.0,0.0,9.0,1.0,1368.4835652869942,77.46133388416948,1183.0,30545.585994990834,Unknown
Macao,Asia,650193.0,46,0.0,0.0,0.0,46.0,0.0,0.0,0.0,70.74822398887714,0.0,4071.0,6261.217823015628,Unknown
Curaçao,North America,164161.0,31,0.0,1.0,0.0,28.0,0.0,2.0,0.0,188.83900561034596,6.091580826140191,1080.0,6578.907292231407,Unknown
Fiji,Australia/Oceania,897095.0,27,0.0,1.0,0.0,18.0,0.0,8.0,0.0,30.09714690194461,1.1147091445164672,6693.0,7460.748304248714,WesternPacific
Saint Lucia,North America,183712.0,25,0.0,0.0,0.0,24.0,0.0,1.0,0.0,136.0825640132381,0.0,3895.0,21201.6634732625,Americas
Timor-Leste,Asia,1320812.0,25,0.0,0.0,0.0,24.0,0.0,1.0,0.0,18.927750504992385,0.0,4238.0,3208.632265606309,South-EastAsia
Grenada,North America,112576.0,24,0.0,0.0,0.0,23.0,0.0,1.0,0.0,213.18931210915292,0.0,6252.0,55535.81580443434,Americas
New Caledonia,Australia/Oceania,285769.0,22,0.0,0.0,0.0,22.0,0.0,0.0,0.0,76.98525732322261,0.0,11099.0,38839.062319565805,Unknown
Laos,Asia,7285750.0,20,0.0,0.0,0.0,19.0,0.0,1.0,0.0,2.7450845829187114,0.0,29374.0,4031.705726932711,WesternPacific
Dominica,North America,72004.0,18,0.0,0.0,0.0,18.0,0.0,0.0,0.0,249.98611188267316,0.0,1005.0,13957.557913449253,Americas
Saint Kitts and Nevis,North America,53237.0,17,0.0,0.0,0.0,16.0,0.0,1.0,0.0,319.3267840036065,0.0,1146.0,21526.38202753724,Americas
Greenland,North America,56780.0,14,0.0,0.0,0.0,14.0,0.0,0.0,0.0,246.56569214512152,0.0,5977.0,105265.93871081366,Europe
Montserrat,North America,4992.0,13,0.0,1.0,0.0,10.0,0.0,2.0,0.0,2604.1666666666665,200.32051282051282,61.0,12219.551282051281,Unknown
Caribbean Netherlands,North America,26247.0,13,0.0,0.0,0.0,7.0,0.0,6.0,0.0,495.2947003467063,0.0,424.0,16154.227149769498,Unknown
Falkland Islands,South America,3489.0,13,0.0,0.0,0.0,13.0,0.0,0.0,0.0,3725.995987388937,0.0,1816.0,520492.9779306392,Unknown
Vatican City,Europe,801.0,12,0.0,0.0,0.0,12.0,0.0,0.0,0.0,14981.2734082397,0.0,0.0,0.0,Europe
Western Sahara,Africa,598682.0,10,0.0,1.0,0.0,8.0,0.0,1.0,0.0,16.703358377235325,1.670335837723533,0.0,0.0,Africa
